path,sizeBytes,sha256,extension,mime,lineCount,category,packageAction,reason
.agents/plugins/marketplace.json,415,04339e0bd3391626fd4a8ebe0a340564cdab412d00ff28a698bc25fb9b04c396,.json,application/json,21,core-source,mapped-or-replaced,Core behavior must be mapped into implementation and evidence ledgers.
.gitattributes,158,53ab4b66949a6ecb217f56c35297f1f6f32d290cb73522923c545e107cd474f0,,application/octet-stream,,project-file,review,Accounted for in the complete inventory.
.github/workflows/kh-aw-ci.yml,7513,90c73f87ea6224b805f95965be2ae2ed27cd0456e370cb8562e5ee393801d5d8,.yml,application/octet-stream,113,project-file,review,Accounted for in the complete inventory.
.gitignore,197,6a52eaafa21c833c4d3068e0000dac40e0ad91f0279871477ccfc2bec9f51888,,application/octet-stream,,project-file,review,Accounted for in the complete inventory.
audit/CORE_FILE_BY_FILE_REPORT.md,33320,32668715ca3234d2b5e8d213be452d9f05df73a2fbc1da071bdb812b9ffd749b,.md,text/markdown,624,project-file,review,Accounted for in the complete inventory.
audit/CORE_SOURCE_AUDIT.json,38116,b8fed4ba297db27495ede54d6826e2d77cec5d95d9cbf176b637deb0ded07879,.json,application/json,1230,project-file,review,Accounted for in the complete inventory.
audit/FULL_INVENTORY_REPORT.md,2201,a4ff2e12b5bca57264e665091c0913d4b9709afe4c0223cace386cb22ab5a1c5,.md,text/markdown,67,project-file,review,Accounted for in the complete inventory.
audit/LOGIC_DEEP_RESEARCH_REPORT.md,8188,8109cee6cc5b34b9fb960cc20ffa9d109b3d944ee8c52cf6ba9cd02ddc6d4dcf,.md,text/markdown,86,project-file,review,Accounted for in the complete inventory.
audit/ORIGINAL_FILE_INVENTORY.csv,681356,7c4a5b3ca5712e089eb1db5da5d0f040ce551651cd24c49466791112c7da8609,.csv,application/vnd.ms-excel,,project-file,review,Accounted for in the complete inventory.
audit/ORIGINAL_FILE_INVENTORY.jsonl,991264,78f59cca5e34a026903bbd68e87bf596eee16d2180ab6bd9f8ccd1a12ec00ad2,.jsonl,application/octet-stream,2519,project-file,review,Accounted for in the complete inventory.
audit/ORIGINAL_INVENTORY_SUMMARY.json,2823,6cc00bf0c088974a93c4857ebfc923a5bc376746e810c21fdcdc476444ff8646,.json,application/json,108,project-file,review,Accounted for in the complete inventory.
audit/REQUIREMENTS_TRACEABILITY.md,4668,324fcd26f1bd79dbb5e08fa24da6606de1b13a09de22e6be0d8891b4883ae36e,.md,text/markdown,34,project-file,review,Accounted for in the complete inventory.
audit/SCORE_REPORT.md,3325,43a9c7a6626f8318dcb852679d14b370a167779febd28c3cab4c272438c9e322,.md,text/markdown,44,project-file,review,Accounted for in the complete inventory.
audit/UPGRADE_MAPPING.md,2435,2e7c4d35b14fe91ce3734f3743a05ad22415ce5b6785e7426c9b06c55f7a7a2f,.md,text/markdown,23,project-file,review,Accounted for in the complete inventory.
COMPLETION_CRITERIA_LEDGER.md,3574,fb5efc72fbe3c2ae09a999ad1311fcb71c427e7abec4338e82e7ede4366a06c2,.md,text/markdown,46,project-file,review,Accounted for in the complete inventory.
design/NEW_ARCHITECTURE.md,2605,af055788dd990312f66cd94a8c60254d1f823a4aea939cff6b96b31084d434f5,.md,text/markdown,52,project-file,review,Accounted for in the complete inventory.
docs/BEGINNER_GUIDE_KO.md,1469,6b5bebe26fb087cbcba397d4472d9457e42286539593787301b5f26c93345816,.md,text/markdown,49,project-file,review,Accounted for in the complete inventory.
docs/INSTALL_UPDATE_REMOVE_KO.md,1223,38f5aa6ae5bf02aa9c21653cba2e1a252f812f0bf7302b8101582fe5b9578820,.md,text/markdown,28,project-file,review,Accounted for in the complete inventory.
docs/TROUBLESHOOTING_KO.md,1367,0977b9fa7e3c7880631663120ee29d2e410904212cc8d34e930c6e82cce37c06,.md,text/markdown,32,project-file,review,Accounted for in the complete inventory.
FINAL_BUILD_NOTICE.md,786,2989802722579e7c5ebfc5dbbbd51d4cc7b3285daf2985b1d4f2d4c68c960ba8,.md,text/markdown,19,project-file,review,Accounted for in the complete inventory.
FINAL_REQUIREMENT_AUDIT.json,494,1b0cb1018bb32efed6e7b1e8ae5f72b66c9efb184ebb162fb46656633b913333,.json,application/json,11,project-file,review,Accounted for in the complete inventory.
FINAL_REQUIREMENT_AUDIT.md,904,1c54d2a070b17adc443ae7f575896e6d7526a4801cf4fe65b43ca55251d8e2ef,.md,text/markdown,16,project-file,review,Accounted for in the complete inventory.
FINAL_SCORE_REPORT.md,553,2270dfc0f3324189d97c71884afcccdf13e4f7d413280acdad4293b7a18144f6,.md,text/markdown,11,project-file,review,Accounted for in the complete inventory.
FINAL_SECURITY_SCAN.json,250,7c8362ee3ab76b13d0171eb44fd7c8ef0c0fc8f2a1f6b681eb92a2370a028260,.json,application/json,10,project-file,review,Accounted for in the complete inventory.
FINAL_VALIDATION_REPORT.md,945,3df3f8d638041852afbe3cb830ef027a66583f9f215abf86984439efbc0226cc,.md,text/markdown,21,project-file,review,Accounted for in the complete inventory.
FULL_STAGE_REPORT.md,5260,1d3354f99e96ad862e4d4bcb1bb352fb421782ffccedd8a63e157f521ed864c6,.md,text/markdown,175,project-file,review,Accounted for in the complete inventory.
GITHUB_PUBLISH.md,999,80b71f75730cd0f063877233514f09076069acd63cf94d76232506be02d79c3f,.md,text/markdown,21,project-file,review,Accounted for in the complete inventory.
INSTALL_CODEX_WEB.md,2071,c135b6eac9ea9214d8f3e1c4cbff2dcbc3425b2fc162360a3aca907b377d2a59,.md,text/markdown,34,project-file,review,Accounted for in the complete inventory.
NATIVE_AND_TOOL_ENFORCEMENT_REPORT.md,1379,aa10d1bc8903200533d608b77e56d55c7f05bd0ed7b9bf56383a24f12e56272b,.md,text/markdown,30,project-file,review,Accounted for in the complete inventory.
plugins/kh-aw/.codex-plugin/plugin.json,2399,5de15196c3bee025a1fe15a3ebaebfc80c11218fbb8e82207e76e920dd729501,.json,application/json,53,project-file,review,Accounted for in the complete inventory.
plugins/kh-aw/assets/icon.png,8644,4e2e1457799e149da37ce894093478c0b49bd7a6a9697ec3c61234207e35474d,.png,image/png,,image,review,"Image requires branding, rights, and usage review."
plugins/kh-aw/assets/logo-dark.png,4740,490bdbc64bb8f2e7eef9eef9e7fbd4e7b4b97d8b919a51eb82b770b82da91f93,.png,image/png,,image,review,"Image requires branding, rights, and usage review."
plugins/kh-aw/assets/logo.png,4739,f50997ae7f432d7a31dff8b72c54f7c59300b6d6ad3352fa4f9d2aff9ad6ed9a,.png,image/png,,image,review,"Image requires branding, rights, and usage review."
plugins/kh-aw/assets/screenshot-evidence.png,63412,432d02d635a2f8240eb4b217c93e1d16cec0e1f49b0caa56f628ba5016f15953,.png,image/png,,image,review,"Image requires branding, rights, and usage review."
plugins/kh-aw/assets/screenshot-repair.png,59904,2db55dfffd0c66e58199b4fe6c7c1684584848c70092f8d08039eff82b732ca6,.png,image/png,,image,review,"Image requires branding, rights, and usage review."
plugins/kh-aw/assets/screenshot-workflow.png,67020,cc27523b21b58a457963f933712b6b3d5537c6866580f76f902cf8f28633df35,.png,image/png,,image,review,"Image requires branding, rights, and usage review."
plugins/kh-aw/LICENSE,1066,4a62358edee56daf26a6dbdd7d9a66f578866994502eacb038b381d30778f3d4,,application/octet-stream,,project-file,review,Accounted for in the complete inventory.
plugins/kh-aw/package.json,1023,dc0e5d8efc6dc9a9c048471b186940189b6b4f194e946d89726f65838c49183a,.json,application/json,27,project-file,review,Accounted for in the complete inventory.
plugins/kh-aw/PACKAGE_MANIFEST.json,19554,6a05164a18764b2166a90d3a55d79b9fd4cf229e7f165d840d6b5df092200481,.json,application/json,481,project-file,review,Accounted for in the complete inventory.
plugins/kh-aw/PRIVACY.md,1124,14861d05fc2b319fb4caa01c3933b02a7aeec67038a78c1064ca81c92e4e3ea8,.md,text/markdown,9,project-file,review,Accounted for in the complete inventory.
plugins/kh-aw/README.md,1659,f941c340875023684c77cea5046ba75c070ea894be1b2e72159c5b9e6b7a23fa,.md,text/markdown,36,project-file,review,Accounted for in the complete inventory.
plugins/kh-aw/references/ARTIFACT_CONTRACTS.md,4003,48fc3cbd19d79edbd81f4a9a8f0d928f834ddac640c26c7753c00708a6df518d,.md,text/markdown,59,project-file,review,Accounted for in the complete inventory.
plugins/kh-aw/references/COMPANY_QUALITY.md,1553,3f23e8b125d75d0b16259b6a1ae452125babedbd302bc7c5146f7055f2a22421,.md,text/markdown,21,project-file,review,Accounted for in the complete inventory.
plugins/kh-aw/references/ENFORCEMENT_CONTRACT.md,14487,1ce9406717f9e8596abe74344366e697b1e66628232c28f6387b8f113d8b1637,.md,text/markdown,253,project-file,review,Accounted for in the complete inventory.
plugins/kh-aw/references/RUNBOOK.md,4441,1fd05eb383a513281139e69f86e5c06c21d8d16c094f90e579d2f7e4f788ceee,.md,text/markdown,90,project-file,review,Accounted for in the complete inventory.
plugins/kh-aw/references/workflows/audit-upgrade.md,1904,d7c1a6255672ef6fd031a072dbd2b9e9889bc5455ccf75b755060c5a17e62b3a,.md,text/markdown,20,project-file,review,Accounted for in the complete inventory.
plugins/kh-aw/references/workflows/full-cycle.md,5215,637a44acfa85fc8ed226ba57b7c7c16604ef4c41518fa363fc3f5e43dd5e00da,.md,text/markdown,94,project-file,review,Accounted for in the complete inventory.
plugins/kh-aw/references/workflows/implementation-repair.md,2074,29f41a3186ca00be0caa4e5b0af3490f0bfb7be7b5eed17fad33e590d7630f8d,.md,text/markdown,17,project-file,review,Accounted for in the complete inventory.
plugins/kh-aw/references/workflows/multi-agent-orchestration.md,6198,35b446765c5c12d283c42021dd52154b489a607e9ffc1290af9f9ad0c39ffcc6,.md,text/markdown,163,project-file,review,Accounted for in the complete inventory.
plugins/kh-aw/references/workflows/release-company.md,2645,8915b921fe2a22a6dfe8fe594efacc0043d132aec1f97512876f8e4170a51384,.md,text/markdown,30,project-file,review,Accounted for in the complete inventory.
plugins/kh-aw/references/workflows/research-design.md,2433,bbfe1eff8fd4fc55cc054f62d8efa4ed0dab9ed747f0eae43e62e1a6025c15bc,.md,text/markdown,31,project-file,review,Accounted for in the complete inventory.
plugins/kh-aw/schemas/native-capability-policy.schema.json,2656,60eacc5da305fa44c8576b287c51cd2972dcd3efae94ad69ea57409058225c7b,.json,application/json,74,project-file,review,Accounted for in the complete inventory.
plugins/kh-aw/schemas/physical-evidence.schema.json,1154,1c7e9cac9858a9f3a1142da677a741480705f22e724df902764662a87e698adc,.json,application/json,24,project-file,review,Accounted for in the complete inventory.
plugins/kh-aw/schemas/run-lock.schema.json,1543,b9498d57fa0251de3676d0342215c0df35206cc574f3cf31996b052deadd3957,.json,application/json,74,project-file,review,Accounted for in the complete inventory.
plugins/kh-aw/schemas/subagent-orchestration.schema.json,3597,bef7d1d2fb24660656e31f24d65d36098818684fe8a30385ece88b061ce53277,.json,application/json,160,project-file,review,Accounted for in the complete inventory.
plugins/kh-aw/schemas/test-report.schema.json,1344,916a844f21d058d7adbb4f2f144af2ac7e90aea53bcda5c9f52d4731e2cf68a5,.json,application/json,25,project-file,review,Accounted for in the complete inventory.
plugins/kh-aw/schemas/tool-policy.schema.json,1217,ffd13d43599e4b5c62b99e0fa669a08f7ca7b0be07b2f1115a8a657164897aa8,.json,application/json,34,project-file,review,Accounted for in the complete inventory.
plugins/kh-aw/scripts/android_emulator_suite.py,5027,4930281d94d8177474f8b678ae98b163e28b2573a7441b24e4541f7db4dffa06,.py,text/x-python,102,project-file,review,Accounted for in the complete inventory.
plugins/kh-aw/scripts/ios_simulator_suite.py,2104,0ddd6d0bb6a0f3afb999ec9cf8be1753699596698dcfe306020ca34c8a3af9a0,.py,text/x-python,27,project-file,review,Accounted for in the complete inventory.
plugins/kh-aw/scripts/kh_aw/__init__.py,66,e1bc6a59e1db0e21be28ac2c10f6fe2cfa127926c21102636f463e73268d5eef,.py,text/x-python,2,project-file,review,Accounted for in the complete inventory.
plugins/kh-aw/scripts/kh_aw/capabilities.py,10218,8c9c9e6377e74169b0466dacd8a57c4d0e8b8fe92c2c35077cd029154f5adaee,.py,text/x-python,169,project-file,review,Accounted for in the complete inventory.
plugins/kh-aw/scripts/kh_aw/claim_verifier.py,1165,8668bc3638bbdfb8b5d3fb2b1e97366fee69a3514f45d18e4cd4537998aa4e9d,.py,text/x-python,34,project-file,review,Accounted for in the complete inventory.
plugins/kh-aw/scripts/kh_aw/contracts.py,13294,3deb82b1e76d8f2fcc1db71eb46698fd9cbc8bfafd55aaa8d66a8ef63dd923a2,.py,text/x-python,349,project-file,review,Accounted for in the complete inventory.
plugins/kh-aw/scripts/kh_aw/copy_audit.py,3652,1698e3d9498f90f9473770dab10b5ccef9f8bee0192fd692a65a07e8853a7f1a,.py,text/x-python,93,project-file,review,Accounted for in the complete inventory.
plugins/kh-aw/scripts/kh_aw/distribution.py,11453,0f2af74dea26ca9ad89e526bb384ad3aab642176e551a3113d815b9167fa0a95,.py,text/x-python,267,project-file,review,Accounted for in the complete inventory.
plugins/kh-aw/scripts/kh_aw/doctor.py,5415,088728ca7451dde6ffad0b1f8895908b90f37123bd16c8c07b0b98afac55ecbd,.py,text/x-python,126,project-file,review,Accounted for in the complete inventory.
plugins/kh-aw/scripts/kh_aw/e2e.py,2791,befe4cb0ea622abf991947806a81b94439d5d471d8986a84c0d14f6a0ed750bc,.py,text/x-python,70,project-file,review,Accounted for in the complete inventory.
plugins/kh-aw/scripts/kh_aw/evidence.py,6702,347f100a2011efbc43548f8c23b8b609e81839ec8ea610391b6b7a039e6bce89,.py,text/x-python,177,project-file,review,Accounted for in the complete inventory.
plugins/kh-aw/scripts/kh_aw/gates.py,94318,f8abfd61bdb980e7c3cdfb2309975ccc5fe67190a7665efbc2638c58648934bf,.py,text/x-python,1362,project-file,review,Accounted for in the complete inventory.
plugins/kh-aw/scripts/kh_aw/installation.py,4416,9ac3a1ee704543feac39794733a93d6991a1e1b3f1c10f0de2067970d841a3c6,.py,text/x-python,116,project-file,review,Accounted for in the complete inventory.
plugins/kh-aw/scripts/kh_aw/integrity.py,3853,80c596e6b005c5fc87ef71a4ceb2b90fa4087bef16be500e63e29bcc9fae41a8,.py,text/x-python,97,project-file,review,Accounted for in the complete inventory.
plugins/kh-aw/scripts/kh_aw/inventory.py,5134,0eb048b6b5a14208055255ed73dec49547918d27e583d72c25f9c0d333544877,.py,text/x-python,106,project-file,review,Accounted for in the complete inventory.
plugins/kh-aw/scripts/kh_aw/language_policy.py,4369,1f80369119d152007d01b414323bdcd173f47850bb140ca65febf9d265e6dc6d,.py,text/x-python,153,project-file,review,Accounted for in the complete inventory.
plugins/kh-aw/scripts/kh_aw/orchestration.py,47612,2092e1c3eaa5ec257448a64f5748e7135cbd9ac298d6f484a30812fe94201c11,.py,text/x-python,865,project-file,review,Accounted for in the complete inventory.
plugins/kh-aw/scripts/kh_aw/packaging.py,2365,87d09722a085ebf07b0123870114085e2a3d65b2f2dacf7c483e6f1ad423a963,.py,text/x-python,64,project-file,review,Accounted for in the complete inventory.
plugins/kh-aw/scripts/kh_aw/page_inventory.py,6403,f479a45119dc173309636368c1d4b83f2b4e8635432da748bd4712cbd29fc75e,.py,text/x-python,169,project-file,review,Accounted for in the complete inventory.
plugins/kh-aw/scripts/kh_aw/plugin_validate.py,10288,588dfa86a6f0fa463c0ecccd34678b66002e8ceeecdd21236e354b20e0046024,.py,text/x-python,199,project-file,review,Accounted for in the complete inventory.
plugins/kh-aw/scripts/kh_aw/protection.py,3969,988fd6ed6bf424f4964a7c275c6b017176baa7f7427017c5025900fb5b251c2b,.py,text/x-python,90,project-file,review,Accounted for in the complete inventory.
plugins/kh-aw/scripts/kh_aw/reachability.py,2006,e0b39c7d20925e9eedce2947f094e3c68176db21f2620852547eeba3d448cdc5,.py,text/x-python,47,project-file,review,Accounted for in the complete inventory.
plugins/kh-aw/scripts/kh_aw/repair.py,15395,394f784cd93c6ef368823fd35a7f8f86c52e5c5b5f3882c5fa8d05c5c046b12b,.py,text/x-python,288,project-file,review,Accounted for in the complete inventory.
plugins/kh-aw/scripts/kh_aw/requirement_compiler.py,2501,6a01882be5c32886cea9bfe13b83bf4821b0d2027c35dc71c503223313592eb3,.py,text/x-python,64,project-file,review,Accounted for in the complete inventory.
plugins/kh-aw/scripts/kh_aw/run_lock.py,4390,501fc89c6e775ac3bedc539a0c5cf4182489cb43bdafad2a8750d33727022517,.py,text/x-python,95,project-file,review,Accounted for in the complete inventory.
plugins/kh-aw/scripts/kh_aw/runtime.py,2068,b0158c453df63b3a80a087d56ac93b905fedee64f7bcd7dc722113897309fa79,.py,text/x-python,50,project-file,review,Accounted for in the complete inventory.
plugins/kh-aw/scripts/kh_aw/security.py,3104,b973d21febbc9bd91c7942041cdc88c08b8d1f36f6059ea1f20aba2e28c19baa,.py,text/x-python,65,project-file,review,Accounted for in the complete inventory.
plugins/kh-aw/scripts/kh_aw/session_forensics.py,5384,45dbdc35899f22acc294357d06ae81662f32ca2d8fb140187f4fc3510eccdcf3,.py,text/x-python,139,project-file,review,Accounted for in the complete inventory.
plugins/kh-aw/scripts/kh_aw/targeting.py,4641,de02820b259378c08d4a6bae16b798e01d1681081c48686b92febf576cf791a7,.py,text/x-python,115,project-file,review,Accounted for in the complete inventory.
plugins/kh-aw/scripts/kh_aw/task_graph.py,1996,3384259c3390606528e6677ccf2cfb012f67b2fb0a83562b9f12d82c3d020407,.py,text/x-python,59,project-file,review,Accounted for in the complete inventory.
plugins/kh-aw/scripts/kh_aw/tooling.py,30620,378dfd2691f1b607a52aacd516d26b146a2bd98e1dd85a75c7c21da8a90b87e4,.py,text/x-python,597,project-file,review,Accounted for in the complete inventory.
plugins/kh-aw/scripts/kh_aw/util.py,6708,99d85ba5e4bd3f9796fcfb2ed48f6b762cebeca71427ac030c6a8f04294a4227,.py,text/x-python,216,project-file,review,Accounted for in the complete inventory.
plugins/kh-aw/scripts/kh_aw/verifier.py,1612,b4d34dd3b6df865f3adafb846fa6bd01683ecb36da2387bc50076049bd37b495,.py,text/x-python,38,project-file,review,Accounted for in the complete inventory.
plugins/kh-aw/scripts/kh_aw/versioning.py,1324,112e08e7b8c7369a2c5e38789a87067fa39720fcff716cf15f0470b9d32c496f,.py,text/x-python,31,project-file,review,Accounted for in the complete inventory.
plugins/kh-aw/scripts/kh_aw_cli.py,71554,3f015c8a04b3b463ece6f2fba1a8c9c0d8a12afc53e18b0d941766aa1c72ffb6,.py,text/x-python,1387,project-file,review,Accounted for in the complete inventory.
plugins/kh-aw/scripts/lighthouse_check.mjs,1743,872c2702c4ea682bea484b6ccc68cd4085cf85efdcebd3ee0f16601c24025cd1,.mjs,text/javascript,13,project-file,review,Accounted for in the complete inventory.
plugins/kh-aw/scripts/render_mockups.mjs,2173,e97dbf094f014229168e9eeb26f2955e2b6c1c566a4bcae93442327ba9b8c358,.mjs,text/javascript,44,project-file,review,Accounted for in the complete inventory.
plugins/kh-aw/scripts/visual_regression.mjs,2713,5f06d117efa761713e1a2442740653078ecda3a218f927f85746088e99dc33db,.mjs,text/javascript,20,project-file,review,Accounted for in the complete inventory.
plugins/kh-aw/scripts/web_verify.mjs,8728,da4f27fc07727d55e01054c1536e671dbe86af0666f107eab8cfad5cb81904a9,.mjs,text/javascript,148,project-file,review,Accounted for in the complete inventory.
plugins/kh-aw/skills/kh-aw/SKILL.md,1425,12d09d0acfb4a925cb5e13dd567f577f6b856b217fa077cddef4a56bfa4df9ff,.md,text/markdown,32,project-file,review,Accounted for in the complete inventory.
plugins/kh-aw/TERMS.md,831,edfa16eca85d243dfd295d83ac15d72f0240b352ff2adc1f17178b3262827ae5,.md,text/markdown,7,project-file,review,Accounted for in the complete inventory.
plugins/kh-aw/tests/test_kh_aw.py,49949,506057ce19998a8885151dc6e2a7fceab07b263a1d218175c5799e66ab36557f,.py,text/x-python,902,project-file,review,Accounted for in the complete inventory.
PUBLIC_PLUGIN_DIRECTORY.md,1559,4bfd4ec09ce6e2d2be1979eacc2451fbe7876c8fa95304d0e532fca45e252ad5,.md,text/markdown,25,project-file,review,Accounted for in the complete inventory.
README.md,1930,bcf221f9e082ceabcea9f860e7deedd30fe0379d697ddb8002b23d3a0ce172e5,.md,text/markdown,49,project-file,review,Accounted for in the complete inventory.
RELEASE_MANIFEST.json,22081,74b5f021eec35ed7079bcfefd017eabeb18ce55373e138eada7116dc3af8ac45,.json,application/json,649,project-file,review,Accounted for in the complete inventory.
RELEASE_NOTES.md,1272,0be48913eb46917bbef6ea3efff3ede70ef229d08bf3a43c217ae088ee91037c,.md,text/markdown,31,project-file,review,Accounted for in the complete inventory.
reproduction/CACHE_SHADOWING_REPORT.md,1133,4143f6f195105e84226f9ca9beaae16dfc14ae13c319b422006df2aed3750ce7,.md,text/markdown,27,project-file,review,Accounted for in the complete inventory.
reproduction/DOCTOR_RUNS.jsonl,1888,0ddf253940082762dbe373c18709ee0af0d535703166c245b1dd1dbaa1e5e041,.jsonl,application/octet-stream,7,project-file,review,Accounted for in the complete inventory.
reproduction/INSTALLATION_SNAPSHOTS.jsonl,761,fa56df7cca6b1b6ac1293d226ef5f5ebe2932746313556dc6ac511c3b37b5914,.jsonl,application/octet-stream,3,project-file,review,Accounted for in the complete inventory.
reproduction/MANUAL_BYPASS_REPRODUCTION.md,1429,93a64b3dd77b83695a4daae1b7ce366671e28ec82dd9a7fa8a7574d7647ecfe2,.md,text/markdown,34,project-file,review,Accounted for in the complete inventory.
reproduction/REPRODUCTION_MATRIX.md,1641,dcd33d70e33d40039fde6a7bb6c4dad5da1ca93b4bdd8781fc76a49fce017743,.md,text/markdown,21,project-file,review,Accounted for in the complete inventory.
reproduction/ROOT_CAUSE_EVIDENCE.md,1817,a19f247ed9fb24452d7e93c3e8dbf3a28b2732f48cb1feaba1d3b8efaf8e93dd,.md,text/markdown,50,project-file,review,Accounted for in the complete inventory.
reproduction/ROOT_RESOLUTION_LOGS.jsonl,1024,1baa14cc76bb59c604410ed490a9c2f2dae8d065170286d8d3dc03cd54f60791,.jsonl,application/octet-stream,5,project-file,review,Accounted for in the complete inventory.
reproduction/SKILL_VISIBILITY_REPORT.md,989,38538e19d42c3fff916a113dbe49a035d7c2d8f8fd39df4709ddecc59c013b8a,.md,text/markdown,30,project-file,review,Accounted for in the complete inventory.
research/INSTALL_CACHE_SHADOWING_COMPARISON.md,962,d0b11ba2e25967fd9f9ed692b8788600189d2e937f299d5ce9b6a9a40e3761ae,.md,text/markdown,20,project-file,review,Accounted for in the complete inventory.
research/KH_AW_STRUCTURAL_DIFFERENCE_REPORT.md,1304,fa86610d1186ad020f0e8ed6785287316b083db835a70caf081de541c4ae18a1,.md,text/markdown,29,project-file,review,Accounted for in the complete inventory.
research/OFFICIAL_CODEX_PLUGIN_MODEL.md,1965,01f559e3b6c85d8b8a128ede159b5b64f6d494b35ca381bc62678a9cef6ab872,.md,text/markdown,40,project-file,review,Accounted for in the complete inventory.
research/PLATFORM_CAPABILITY_MATRIX.json,1293,8ee7e624bf2d00a6a70abd94eca87c5697f89fc78b2d7cfe48ed39b4701d87c7,.json,application/json,15,project-file,review,Accounted for in the complete inventory.
research/PLUGIN_STRUCTURE_COMPARISON.csv,1333,224326da0db8cf392fd3704dc64ff9479bcfa076eb43dee4c00c7ed353abb205,.csv,application/vnd.ms-excel,,project-file,review,Accounted for in the complete inventory.
research/PUBLIC_PLUGIN_FAILURE_PATTERNS.md,573,d5e1e51719c3d549ba0bc07d6466be48e9a95fffa4491c2b3ffe6ee16f10cdb1,.md,text/markdown,10,project-file,review,Accounted for in the complete inventory.
research/PUBLIC_PLUGIN_FILE_INVENTORY.jsonl,2034,c680529dfdc5e7c2d79424eb3958046166932074da3b94997d16e0c39641c090,.jsonl,application/octet-stream,15,project-file,review,Accounted for in the complete inventory.
research/PUBLIC_PLUGIN_REPOSITORY_LIST.json,2837,2bc7a999f1ec5dabc8bf52fde92ddb718158c6e1b9a21d8b30ebd8e1e0889d86,.json,application/json,23,project-file,review,Accounted for in the complete inventory.
research/PUBLIC_PLUGIN_SUCCESS_PATTERNS.md,536,92e2ad6ba37794d0c4adcf8ef1dee8b8fc22d8e6ca65d01d5374001ce0aefd5f,.md,text/markdown,10,project-file,review,Accounted for in the complete inventory.
research/SCRIPT_HOOK_MCP_AGENTS_CI_COMPARISON.md,1389,ef67ab1c5088378f87bf8c951d87f770d7c6c33e9ac2b71a5b43db0c0109d5ea,.md,text/markdown,32,project-file,review,Accounted for in the complete inventory.
research/SKILL_ENTRYPOINT_COMPARISON.md,1084,1d9cf4cc93921fdbc2f007c1b94bd5000bd51962e0ffbb6d1226bb82a07d7cdd,.md,text/markdown,13,project-file,review,Accounted for in the complete inventory.
research/SOURCE_CITATION_LEDGER.jsonl,2616,5419ad6278f47ae847f3fe42d4574bc8ceaf0bfeddda3304e685481110aa251e,.jsonl,application/octet-stream,15,project-file,review,Accounted for in the complete inventory.
TEST_EVIDENCE.md,1587,77244ac679cdc59e0611c15d577dd622f3b7faddb6056a70720f12a03ff7b32c,.md,text/markdown,44,project-file,review,Accounted for in the complete inventory.
VERSION_LEDGER.json,410,6234c055123605f8f877e8235876c33cbddc2642e239d04a1293e4a18d6cab40,.json,application/json,14,project-file,review,Accounted for in the complete inventory.
